id,f0,f1,f2,f3,f4,f5,f6,f7,class
1,0.58,0.61,0.47,0.13,0.5,0,0.48,0.22,MIT
2,0.43,0.67,0.48,0.27,0.5,0,0.53,0.22,MIT
3,0.64,0.62,0.49,0.15,0.5,0,0.53,0.22,MIT
4,0.58,0.44,0.57,0.13,0.5,0,0.54,0.22,NUC
5,0.42,0.44,0.48,0.54,0.5,0,0.48,0.22,MIT
6,0.5,0.54,0.48,0.65,0.5,0,0.53,0.22,MIT
7,0.48,0.45,0.59,0.2,0.5,0,0.58,0.34,NUC
8,0.55,0.5,0.66,0.36,0.5,0,0.49,0.22,MIT
9,0.4,0.39,0.6,0.15,0.5,0,0.58,0.3,CYT
10,0.43,0.39,0.54,0.21,0.5,0,0.53,0.27,NUC
11,0.42,0.37,0.59,0.2,0.5,0,0.52,0.29,NUC
12,0.6,0.4,0.52,0.46,0.5,0,0.53,0.22,MIT
13,0.66,0.55,0.45,0.19,0.5,0,0.46,0.22,MIT
14,0.46,0.44,0.52,0.11,0.5,0,0.5,0.22,CYT
15,0.47,0.39,0.5,0.11,0.5,0,0.49,0.4,CYT
16,0.45,0.4,0.5,0.16,0.5,0,0.5,0.22,CYT
17,0.43,0.44,0.48,0.22,0.5,0,0.51,0.22,CYT
18,0.43,0.53,0.52,0.13,0.5,0,0.55,0.22,CYT
19,0.51,0.51,0.52,0.51,0.5,0,0.54,0.22,MIT
20,0.59,0.45,0.53,0.19,0.5,0,0.59,0.27,CYT
21,0.53,0.54,0.43,0.1,0.5,0,0.57,0.32,NUC
22,0.51,0.51,0.43,0.87,0.5,0,0.52,0.22,MIT
23,0.38,0.61,0.61,0.12,0.5,0,0.53,0.47,CYT
24,0.33,0.55,0.51,0.43,0.5,0,0.51,0.22,NUC
25,0.74,0.67,0.47,0.34,0.5,0,0.42,0.22,EXC
26,0.4,0.45,0.57,0.18,0.5,0,0.56,0.26,CYT
27,0.59,0.53,0.43,0.44,0.5,0,0.5,0.22,MIT
28,0.86,0.74,0.51,0.4,0.5,0,0.55,0.22,ME2
29,0.79,0.57,0.41,0.28,0.5,0,0.59,0.22,ME2
30,0.41,0.54,0.39,0.2,0.5,0,0.51,0.22,ME3
31,0.37,0.36,0.56,0.18,0.5,0,0.48,0.26,VAC
32,0.53,0.31,0.58,0.39,0.5,0,0.47,0.37,NUC
33,0.74,0.75,0.58,0.47,0.5,0,0.4,0.35,ME2
34,0.49,0.39,0.52,0.29,0.5,0,0.48,0.22,EXC
35,0.74,0.57,0.51,0.28,0.5,0,0.58,0.22,VAC
36,0.42,0.24,0.34,0.16,0.5,0,0.5,0.22,ME3
37,0.41,0.53,0.45,0.14,0.5,0,0.52,0.66,ME3
38,0.45,0.46,0.55,0.43,0.5,0,0.55,0.38,NUC
39,0.64,0.59,0.56,0.23,0.5,0,0.46,0.22,CYT
40,0.66,0.62,0.49,0.1,0.5,0,0.49,0.22,CYT
41,0.53,0.44,0.51,0.33,0.5,0,0.55,0.22,CYT
42,0.38,0.49,0.53,0.19,0.5,0,0.5,0.22,CYT
43,0.37,0.32,0.47,0.18,0.5,0,0.45,0.25,NUC
44,0.41,0.46,0.59,0.19,0.5,0,0.58,0.27,NUC
45,0.6,0.47,0.45,0.22,0.5,0,0.51,0.29,CYT
46,0.48,0.54,0.55,0.12,0.5,0,0.51,0.22,CYT
47,0.48,0.42,0.52,0.24,0.5,0,0.56,0.22,CYT
48,0.58,0.51,0.49,0.27,0.5,0,0.57,0.29,CYT
49,0.45,0.55,0.54,0.66,0.5,0,0.47,0.22,MIT
50,0.46,0.49,0.58,0.23,0.5,0,0.44,0.22,MIT
51,0.49,0.42,0.56,0.55,0.5,0,0.42,0.25,MIT
52,0.63,0.53,0.54,0.4,0.5,0,0.5,0.22,MIT
53,0.5,0.54,0.53,0.54,0.5,0,0.51,0.27,MIT
54,0.43,0.57,0.51,0.49,0.5,0,0.48,0.22,MIT
55,0.48,0.45,0.55,0.5,0.5,0,0.53,0.22,MIT
56,0.5,0.58,0.46,0.46,0.5,0,0.46,0.22,MIT
57,0.54,0.52,0.63,0.37,0.5,0,0.46,0.22,MIT
58,0.28,0.58,0.21,0.13,0.5,0,0.51,0.22,ME3
59,0.8,0.63,0.45,0.29,0.5,0,0.51,0.22,EXC
60,0.5,0.52,0.59,0.3,0.5,0,0.51,0.35,NUC
61,0.42,0.47,0.52,0.41,0.5,0,0.53,0.32,CYT
62,0.46,0.38,0.47,0.22,0.5,0,0.52,0.27,MIT
63,0.4,0.45,0.56,0.2,0.5,0,0.45,0.22,CYT
64,0.33,0.43,0.64,0.16,0.5,0,0.52,0.52,NUC
65,0.49,0.61,0.49,0.25,0.5,0,0.5,0.28,CYT
66,0.38,0.5,0.37,0.26,0.5,0,0.43,0.22,ME3
67,0.69,0.7,0.52,0.36,0.5,0,0.46,0.22,EXC
68,0.61,0.72,0.39,0.33,0.5,0,0.58,0.22,MIT
69,0.64,0.57,0.57,0.27,0.5,0,0.37,0.22,CYT
70,0.36,0.58,0.35,0.24,0.5,0,0.44,0.22,ME3
71,0.47,0.52,0.5,0.4,0.5,0,0.41,0.22,CYT
72,0.48,0.23,0.57,0.27,0.5,0,0.48,0.47,NUC
73,0.44,0.59,0.36,0.16,0.5,0,0.52,0.22,ME3
74,0.42,0.35,0.54,0.18,0.5,0,0.56,0.22,CYT
75,0.27,0.6,0.48,0.23,0.5,0,0.55,0.22,CYT
76,0.44,0.52,0.41,0.23,0.5,0,0.51,0.22,NUC
77,0.3,0.32,0.57,0.19,0.5,0,0.48,0.55,NUC
78,0.4,0.44,0.49,0.47,0.5,0,0.49,0.27,NUC
79,0.45,0.45,0.5,0.6,0.5,0,0.49,0.22,MIT
80,0.59,0.67,0.56,0.41,0.5,0,0.47,0.22,MIT
81,0.35,0.52,0.48,0.22,0.5,0,0.26,0.22,MIT
82,0.64,0.62,0.29,0.28,0.5,0,0.51,0.22,MIT
83,0.55,0.53,0.55,0.46,0.5,0,0.52,0.22,MIT
84,0.59,0.6,0.49,0.43,0.5,0,0.53,0.31,MIT
85,0.58,0.62,0.54,0.17,0.5,0,0.48,0.22,MIT
86,0.4,0.38,0.53,0.16,0.5,0,0.52,0.27,NUC
87,0.46,0.71,0.48,0.53,0.5,0,0.53,0.22,MIT
88,0.6,0.5,0.57,0.25,0.5,0,0.41,0.26,CYT
89,0.62,0.51,0.52,0.42,0.5,0,0.54,0.27,NUC
90,0.35,0.58,0.54,0.16,0.5,0,0.51,0.22,NUC
91,0.34,0.54,0.5,0.21,0.5,0,0.54,0.31,CYT
92,0.39,0.58,0.5,0.26,0.5,0,0.54,0.59,ME3
93,0.48,0.54,0.5,0.17,0.5,0,0.53,0.22,NUC
94,0.29,0.32,0.58,0.15,0.5,0,0.5,0.3,CYT
95,0.47,0.32,0.64,0.3,0.5,0,0.63,0.22,NUC
96,0.64,0.6,0.57,0.19,0.5,0,0.43,0.22,NUC
97,0.37,0.46,0.4,0.27,0.5,0,0.45,0.22,NUC
98,0.43,0.57,0.53,0.16,0.5,0,0.54,0.22,CYT
99,0.39,0.55,0.48,0.31,0.5,0,0.54,0.29,CYT
100,0.51,0.34,0.5,0.19,0.5,0,0.5,0.22,NUC
101,0.41,0.39,0.44,0.34,0.5,0,0.48,0.4,NUC
102,0.45,0.43,0.51,0.24,0.5,0,0.54,0.33,CYT
103,0.36,0.68,0.46,0.16,0.5,0,0.53,0.28,NUC
104,0.42,0.43,0.56,0.1,0.5,0,0.49,0.22,CYT
105,0.49,0.47,0.53,0.16,0.5,0,0.48,0.27,NUC
106,0.71,0.59,0.48,0.43,0.5,0,0.59,0.22,MIT
107,0.4,0.42,0.71,0.21,0.5,0,0.54,0.32,CYT
108,0.54,0.49,0.49,0.2,0.5,0,0.52,0.22,CYT
109,0.42,0.51,0.5,0.12,0.5,0,0.52,0.46,NUC
110,0.57,0.51,0.53,0.18,0.5,0,0.56,0.25,NUC
111,0.35,0.45,0.43,0.11,0.5,0,0.56,0.22,ME3
112,0.42,0.42,0.42,0.2,0.5,0,0.49,0.22,ME3
113,0.26,0.5,0.33,0.28,0.5,0,0.51,0.22,ME3
114,0.39,0.42,0.38,0.4,0.5,0,0.49,0.47,ME3
115,0.26,0.44,0.3,0.11,0.5,0,0.51,0.47,ME3
116,0.31,0.44,0.53,0.23,0.5,0,0.51,0.32,NUC
117,0.48,0.61,0.44,0.2,0.5,0,0.47,0.22,CYT
118,0.66,0.45,0.5,0.23,0.5,0,0.49,0.22,CYT
119,0.21,0.41,0.55,0.11,0.5,0,0.5,0.27,CYT
120,0.49,0.31,0.49,0.35,0.5,0,0.51,0.29,NUC
121,0.38,0.37,0.56,0.21,0.5,0,0.49,0.22,NUC
122,0.39,0.4,0.53,0.67,0.5,0,0.47,0.22,CYT
123,0.24,0.34,0.69,0.18,0.5,0,0.52,0.22,CYT
124,0.49,0.43,0.51,0.13,0.5,0,0.47,0.22,CYT
125,0.54,0.38,0.52,0.18,0.5,0,0.48,0.22,CYT
126,0.43,0.57,0.53,0.53,0.5,0,0.53,0.25,CYT
127,0.48,0.64,0.61,0.23,0.5,0,0.6,0.22,CYT
128,0.31,0.55,0.52,0.17,0.5,0,0.52,0.22,CYT
129,0.32,0.57,0.5,0.15,0.5,0,0.53,0.22,CYT
130,0.32,0.42,0.52,0.24,0.5,0,0.6,0.22,CYT
131,0.59,0.5,0.52,0.28,0.5,0,0.55,0.25,CYT
132,0.44,0.42,0.6,0.21,0.5,0,0.57,0.22,CYT
133,0.52,0.51,0.51,0.54,0.5,0,0.55,0.27,MIT
134,0.58,0.58,0.58,0.49,0.5,0,0.49,0.26,MIT
135,0.72,0.62,0.34,0.29,0.5,0,0.56,0.28,MIT
136,0.72,0.61,0.37,0.3,0.5,0,0.57,0.22,MIT
137,0.57,0.57,0.44,0.37,0.5,0,0.52,0.25,MIT
138,0.42,0.31,0.62,0.12,0.5,0,0.4,0.22,MIT
139,0.42,0.58,0.41,0.65,0.5,0,0.46,0.26,MIT
140,0.59,0.61,0.34,0.22,0.5,0,0.51,0.22,MIT
141,0.52,0.77,0.38,0.34,0.5,0,0.51,0.22,MIT
142,0.5,0.52,0.6,0.51,0.5,0,0.48,0.22,MIT
143,0.49,0.6,0.43,0.56,0.5,0,0.36,0.22,MIT
144,0.5,0.41,0.44,0.5,0.5,0,0.42,0.22,MIT
145,0.55,0.45,0.45,0.54,0.5,0,0.5,0.22,MIT
146,0.52,0.4,0.6,0.12,0.5,0,0.55,0.22,CYT
147,0.47,0.46,0.59,0.49,0.5,0,0.56,0.22,MIT
148,0.73,0.83,0.43,0.3,0.5,0,0.55,0.22,ME1
149,0.78,0.74,0.58,0.25,1,0,0.53,0.22,ERL
150,0.47,0.54,0.37,0.14,0.5,0,0.5,0.22,ME3
151,0.56,0.52,0.48,0.17,0.5,0,0.46,0.22,NUC
152,0.57,0.41,0.59,0.24,0.5,0,0.4,0.22,CYT
153,0.56,0.41,0.58,0.21,0.5,0,0.42,0.22,CYT
154,0.53,0.38,0.66,0.25,0.5,0,0.43,0.22,NUC
155,0.34,0.36,0.54,0.11,0.5,0,0.36,0.21,NUC
156,0.37,0.53,0.6,0.19,0.5,0.5,0.42,0.22,POX
157,0.36,0.37,0.33,0.14,0.5,0,0.57,0.31,ME3
158,0.41,0.51,0.58,0.15,0.5,0,0.45,0.27,CYT
159,0.38,0.51,0.75,0.17,0.5,0,0.55,0.22,CYT
160,0.38,0.51,0.75,0.17,0.5,0,0.55,0.22,CYT
161,0.46,0.54,0.71,0.15,0.5,0,0.59,0.22,MIT
162,0.42,0.57,0.72,0.22,0.5,0,0.57,0.22,MIT
163,0.45,0.27,0.57,0.36,0.5,0,0.52,0.18,CYT
164,0.2,0.26,0.52,0.14,0.5,0,0.53,0.44,CYT
165,0.51,0.53,0.55,0.14,0.5,0,0.51,0.22,CYT
166,0.44,0.68,0.45,0.51,0.5,0,0.52,0.41,MIT
167,0.34,0.42,0.3,0.23,0.5,0,0.53,0.22,ME3
168,0.59,0.58,0.56,0.21,0.5,0,0.54,0.33,NUC
169,0.39,0.28,0.46,0.12,0.5,0,0.41,0.22,NUC
170,0.56,0.43,0.54,0.16,0.5,0,0.5,0.22,NUC
171,0.36,0.68,0.38,0.08,0.5,0,0.53,0.25,VAC
172,0.27,0.36,0.6,0.33,0.5,0,0.37,0.31,NUC
173,0.35,0.4,0.59,0.22,0.5,0,0.47,0.37,NUC
174,0.23,0.2,0.53,0.2,0.5,0,0.44,0.22,NUC
175,0.36,0.24,0.49,0.16,0.5,0,0.51,0.22,NUC
176,0.8,0.46,0.5,0.15,0.5,0,0.53,0.22,CYT
177,0.6,0.56,0.47,0.2,0.5,0,0.5,0.38,NUC
178,0.43,0.39,0.54,0.14,0.5,0,0.47,0.22,NUC
179,0.5,0.51,0.52,0.09,0.5,0,0.48,0.25,NUC
180,0.46,0.43,0.49,0.79,0.5,0,0.49,0.63,NUC
181,0.56,0.52,0.55,0.19,0.5,0,0.54,0.22,CYT
182,0.61,0.3,0.59,0.12,0.5,0,0.49,0.27,NUC
183,0.37,0.53,0.46,0.23,0.5,0,0.47,0.22,NUC
184,0.83,0.58,0.33,0.04,0.5,0,0.53,0.22,ME2
185,0.52,0.54,0.5,0.21,0.5,0,0.48,0.3,CYT
186,0.35,0.39,0.57,0.11,0.5,0,0.48,0.22,NUC
187,0.78,0.7,0.32,0.23,0.5,0,0.53,0.22,ME1
188,0.45,0.56,0.54,0.32,0.5,0,0.57,0.22,CYT
189,0.29,0.43,0.4,0.15,0.5,0,0.53,0.22,ME3
190,0.52,0.75,0.37,0.14,0.5,0,0.46,0.22,ME3
191,0.71,0.56,0.39,0.27,0.5,0,0.52,0.22,ME2
192,0.58,0.6,0.43,0.12,0.5,0,0.55,0.22,ME3
193,0.54,0.65,0.49,0.34,0.5,0,0.52,0.22,CYT
194,0.57,0.59,0.44,0.16,0.5,0,0.52,0.22,ME2
195,0.59,0.58,0.46,0.19,0.5,0,0.56,0.27,CYT
196,0.63,0.61,0.41,0.22,0.5,0,0.51,0.22,ME3
197,0.58,0.53,0.38,0.18,0.5,0,0.52,0.22,ME3
198,0.36,0.46,0.43,0.19,0.5,0,0.48,0.22,ME3
199,0.62,0.58,0.46,0.13,0.5,0,0.53,0.22,CYT
200,0.73,0.55,0.41,0.16,0.5,0,0.46,0.22,ME2
201,0.55,0.46,0.46,0.31,0.5,0,0.58,0.48,NUC
202,0.77,0.8,0.51,0.4,1,0,0.54,0.22,ERL
203,0.43,0.51,0.48,0.14,0.5,0,0.5,0.22,CYT
204,0.57,0.61,0.45,0.26,0.5,0,0.5,0.22,CYT
205,0.63,0.62,0.42,0.12,0.5,0,0.52,0.25,CYT
206,0.56,0.62,0.53,0.24,0.5,0,0.57,0.22,CYT
207,0.71,0.59,0.53,0.15,0.5,0,0.49,0.33,CYT
208,0.54,0.55,0.42,0.22,0.5,0,0.48,0.22,ME3
209,0.33,0.44,0.49,0.08,0.5,0,0.48,0.49,NUC
210,0.81,0.82,0.41,0.36,0.5,0,0.39,0.22,EXC
211,0.46,0.48,0.44,0.21,0.5,0,0.55,0.22,POX
212,0.35,0.36,0.57,0.17,0.5,0,0.52,0.22,CYT
213,0.74,0.72,0.47,0.25,0.5,0,0.57,0.22,ME1
214,0.54,0.57,0.52,0.19,0.5,0,0.59,0.67,NUC
215,0.47,0.47,0.58,0.16,0.5,0,0.49,0.28,CYT
216,0.41,0.39,0.51,0.52,0.5,0,0.49,0.22,CYT
217,0.69,0.6,0.5,0.31,0.5,0,0.55,0.22,CYT
218,0.51,0.58,0.54,0.29,0.5,0,0.53,0.22,CYT
219,0.55,0.66,0.57,0.32,0.5,0,0.57,0.34,CYT
220,0.48,0.35,0.42,0.21,0.5,0,0.57,0.22,CYT
221,0.62,0.58,0.52,0.15,0.5,0,0.52,0.29,CYT
222,0.44,0.51,0.37,0.15,0.5,0,0.51,0.22,ME3
223,0.5,0.5,0.48,0.17,0.5,0,0.47,0.26,CYT
224,0.7,0.69,0.43,0.33,0.5,0,0.58,0.22,ME1
225,0.23,0.3,0.58,0.22,0.5,0,0.48,0.27,NUC
226,0.45,0.42,0.52,0.2,0.5,0,0.5,0.25,CYT
227,0.51,0.35,0.46,0.15,0.5,0,0.51,0.42,CYT
228,0.32,0.38,0.52,0.2,0.5,0,0.52,0.28,CYT
229,0.59,0.65,0.52,0.3,0.5,0,0.46,0.31,CYT
230,0.37,0.33,0.5,0.12,0.5,0,0.51,0.54,CYT
231,0.45,0.56,0.49,0.17,0.5,0,0.52,0.22,CYT
232,0.27,0.51,0.47,0.35,0.5,0,0.49,0.28,NUC
233,0.43,0.51,0.54,0.15,0.5,0,0.45,0.26,NUC
234,0.6,0.4,0.59,0.18,0.5,0,0.48,0.22,CYT
235,0.91,0.69,0.57,0.45,0.5,0,0.56,0.22,ME2
236,0.38,0.47,0.53,0.12,0.5,0,0.48,0.22,CYT
237,0.49,0.31,0.34,0.13,0.5,0,0.52,0.22,ME3
238,0.49,0.43,0.48,0.15,0.5,0,0.55,0.25,CYT
239,0.49,0.47,0.52,0.16,0.5,0,0.53,0.28,CYT
240,0.48,0.39,0.49,0.18,0.5,0,0.51,0.22,CYT
241,0.44,0.34,0.55,0.18,0.5,0,0.52,0.22,CYT
242,0.43,0.54,0.58,0.16,0.5,0,0.5,0.36,NUC
243,0.49,0.42,0.54,0.17,0.5,0,0.5,0.36,CYT
244,0.34,0.66,0.51,0.16,0.5,0,0.47,0.33,NUC
245,0.2,0.34,0.33,0.1,0.5,0,0.48,0.31,ME3
246,0.3,0.5,0.47,0.11,0.5,0,0.46,0.22,CYT
247,0.44,0.51,0.48,0.38,0.5,0,0.52,0.22,CYT
248,0.31,0.45,0.5,0.17,0.5,0,0.49,0.22,CYT
249,0.55,0.41,0.56,0.21,0.5,0,0.52,0.22,CYT
250,0.4,0.48,0.5,0.17,0.5,0,0.54,0.5,CYT
251,0.58,0.48,0.56,0.1,0.5,0,0.46,0.25,NUC
252,0.58,0.48,0.56,0.12,0.5,0,0.46,0.25,NUC
253,0.58,0.45,0.48,0.24,0.5,0,0.52,0.37,CYT
254,0.58,0.41,0.51,0.26,0.5,0,0.51,0.37,CYT
255,0.38,0.49,0.61,0.13,0.5,0,0.54,0.22,CYT
256,0.56,0.57,0.63,0.39,1,0,0.59,0.4,NUC
257,0.46,0.57,0.57,0.15,0.5,0,0.52,0.26,NUC
258,0.43,0.42,0.54,0.22,0.5,0,0.57,0.33,NUC
259,0.48,0.34,0.47,0.14,0.5,0,0.47,0.26,CYT
260,0.47,0.45,0.53,0.62,0.5,0,0.46,0.22,MIT
261,0.53,0.43,0.47,0.15,0.5,0,0.58,0.22,CYT
262,0.44,0.42,0.62,0.14,0.5,0,0.55,0.37,NUC
263,0.61,0.57,0.45,0.21,0.5,0,0.5,0.42,NUC
264,0.51,0.63,0.3,0.35,0.5,0,0.53,0.27,ME3
265,0.53,0.68,0.34,0.42,0.5,0,0.54,0.27,ME3
266,0.51,0.48,0.58,0.22,0.5,0,0.5,0.28,NUC
267,0.49,0.37,0.59,0.17,0.5,0,0.51,0.22,NUC
268,0.51,0.48,0.58,0.22,0.5,0,0.5,0.28,NUC
269,0.53,0.53,0.53,0.17,0.5,0,0.49,0.37,NUC
270,0.29,0.68,0.47,0.26,0.5,0,0.47,0.37,NUC
271,0.5,0.45,0.49,0.15,0.5,0,0.55,0.43,NUC
272,0.33,0.28,0.31,0.24,0.5,0,0.53,0.22,ME3
273,0.85,0.85,0.3,0.31,0.5,0,0.55,0.42,ME1
274,0.43,0.39,0.51,0.28,0.5,0,0.4,0.22,NUC
275,0.61,0.54,0.49,0.16,0.5,0,0.54,0.42,CYT
276,0.34,0.35,0.61,0.19,0.5,0,0.52,0.25,NUC
277,0.66,0.62,0.52,0.17,0.5,0,0.49,0.22,CYT
278,0.44,0.41,0.58,0.2,0.5,0,0.57,0.25,CYT
279,0.37,0.62,0.34,0.25,0.5,0,0.51,0.22,ME3
280,0.45,0.56,0.51,0.64,0.5,0,0.54,0.22,MIT
281,0.61,0.54,0.49,0.19,0.5,0,0.54,0.47,CYT
282,0.44,0.53,0.52,0.37,0.5,0,0.5,0.22,NUC
283,0.34,0.34,0.61,0.18,0.5,0,0.52,0.32,NUC
284,0.51,0.68,0.49,0.59,0.5,0,0.54,0.27,MIT
285,0.41,0.3,0.49,0.28,0.5,0,0.54,0.22,CYT
286,0.3,0.5,0.34,0.26,0.5,0,0.51,0.22,ME3
287,0.49,0.4,0.34,0.26,0.5,0,0.5,0.22,ME3
288,0.34,0.4,0.3,0.23,0.5,0,0.51,0.22,ME3
289,0.43,0.45,0.37,0.12,0.5,0,0.48,0.22,ME3
290,0.45,0.57,0.3,0.17,0.5,0,0.51,0.22,ME3
291,0.42,0.44,0.33,0.17,0.5,0,0.54,0.27,ME3
292,0.51,0.52,0.48,0.5,0.5,0,0.51,0.22,MIT
293,0.55,0.49,0.5,0.46,0.5,0,0.52,0.25,MIT
294,0.5,0.46,0.52,0.16,0.5,0,0.52,0.26,CYT
295,0.45,0.59,0.53,0.74,0.5,0,0.47,0.25,MIT
296,0.57,0.61,0.55,0.67,0.5,0,0.48,0.22,MIT
297,0.54,0.45,0.62,0.13,0.5,0,0.52,0.26,NUC
298,0.47,0.63,0.66,0.45,0.5,0,0.37,0.11,MIT
299,0.51,0.34,0.43,0.18,0.5,0,0.48,0.25,CYT
300,0.56,0.45,0.59,0.14,0.5,0,0.51,0.26,NUC
301,0.45,0.38,0.59,0.18,0.5,0,0.44,0.45,NUC
302,0.43,0.51,0.6,0.25,0.5,0,0.55,0.22,CYT
303,0.47,0.59,0.43,0.13,0.5,0,0.56,0.3,ME3
304,0.4,0.45,0.42,0.17,0.5,0,0.54,0.26,ME3
305,0.58,0.55,0.52,0.22,0.5,0,0.44,0.22,MIT
306,0.59,0.57,0.46,0.14,0.5,0,0.52,0.22,MIT
307,0.49,0.41,0.32,0.21,0.5,0,0.5,0.32,ME3
308,0.35,0.53,0.35,0.33,0.5,0,0.5,0.32,ME3
309,0.42,0.32,0.61,0.13,0.5,0,0.14,0.27,NUC
310,0.5,0.46,0.42,0.32,0.5,0,0.56,0.55,ME3
311,0.68,0.5,0.43,0.27,0.5,0,0.61,0.22,ME2
312,0.5,0.45,0.49,0.3,0.5,0,0.47,0.4,NUC
313,0.46,0.41,0.5,0.44,0.5,0,0.53,0.22,MIT
314,0.32,0.36,0.34,0.19,0.5,0,0.55,0.26,ME3
315,0.7,0.73,0.37,0.37,0.5,0,0.48,0.31,ME1
316,0.81,0.76,0.32,0.37,0.5,0,0.51,0.22,ME2
317,0.65,0.61,0.39,0.3,0.5,0,0.57,0.28,ME3
318,0.47,0.43,0.35,0.32,0.5,0,0.54,0.22,ME3
319,0.23,0.34,0.41,0.28,0.5,0,0.5,0.27,NUC
320,0.85,0.56,0.33,0.38,1,0,0.55,0.25,ERL
321,0.34,0.31,0.6,0.37,0.5,0,0.5,0.3,NUC
322,0.59,0.53,0.47,0.26,0.5,0,0.53,0.31,NUC
323,0.67,0.63,0.34,0.41,0.5,0,0.6,0.33,ME1
324,0.7,0.73,0.38,0.36,0.5,0,0.54,0.22,ME1
325,0.54,0.51,0.54,0.52,0.5,0,0.47,0.25,MIT
326,0.84,0.63,0.38,0.23,0.5,0,0.53,0.22,EXC
327,0.48,0.43,0.45,0.17,0.5,0,0.48,0.37,ME3
328,0.57,0.49,0.48,0.16,0.5,0,0.51,0.22,NUC
329,0.43,0.32,0.56,0.27,0.5,0,0.47,0.27,NUC
330,0.84,0.87,0.45,0.54,0.5,0,0.28,0.22,ME1
331,0.27,0.56,0.56,0.18,0.5,0,0.52,0.22,CYT
332,0.89,0.82,0.6,0.49,0.5,0,0.55,0.22,ME2
333,0.86,0.92,0.5,0.37,1,0,0.53,0.32,ERL
334,0.87,0.83,0.57,0.36,0.5,0,0.36,0.22,EXC
335,0.43,0.45,0.54,0.14,0.5,0,0.5,0.31,CYT
336,0.52,0.48,0.54,0.28,0.5,0,0.54,0.22,NUC
337,0.76,0.74,0.56,0.34,0.5,0,0.51,0.3,ME2
338,0.58,0.76,0.4,0.37,0.5,0,0.54,0.3,ME2
339,0.36,0.44,0.57,0.18,0.5,0,0.42,0.22,MIT
340,0.42,0.51,0.39,0.22,0.5,0,0.49,0.26,ME3
341,0.52,0.48,0.58,0.55,0.5,0,0.48,0.22,CYT
342,0.43,0.38,0.51,0.24,0.5,0,0.46,0.33,NUC
343,0.48,0.57,0.52,0.61,0.5,0,0.51,0.22,MIT
344,0.83,0.53,0.52,0.2,0.5,0,0.48,0.25,ME2
345,0.36,0.34,0.46,0.19,0.5,0,0.52,0.22,ME2
346,0.54,0.54,0.49,0.14,0.5,0,0.56,0.22,CYT
347,0.52,0.62,0.54,0.19,0.5,0,0.5,0.22,MIT
348,0.68,0.5,0.55,0.65,0.5,0,0.46,0.31,MIT
349,0.53,0.44,0.47,0.22,0.5,0,0.53,0.22,NUC
350,0.48,0.48,0.5,0.47,0.5,0,0.55,0.22,MIT
351,0.5,0.45,0.48,0.17,0.5,0,0.5,0.26,CYT
352,0.44,0.53,0.43,0.17,0.5,0,0.54,0.75,NUC
353,0.46,0.47,0.46,0.16,0.5,0,0.51,0.22,CYT
354,0.52,0.49,0.57,0.57,0.5,0,0.51,0.22,NUC
355,0.62,0.64,0.56,0.2,0.5,0,0.48,0.33,NUC
356,0.46,0.32,0.58,0.17,0.5,0,0.61,0.25,NUC
357,0.49,0.62,0.65,0.18,0.5,0,0.46,0.43,NUC
358,0.39,0.37,0.33,0.23,0.5,0,0.53,0.26,ME3
359,0.33,0.38,0.53,0.26,0.5,0,0.52,0.27,NUC
360,0.48,0.51,0.57,0.24,0.5,0,0.5,0.22,CYT
361,0.5,0.62,0.54,0.66,0.5,0,0.49,0.22,MIT
362,0.47,0.54,0.54,0.48,0.5,0,0.53,0.26,MIT
363,0.81,0.65,0.52,0.41,0.5,0,0.57,0.26,MIT
364,0.5,0.49,0.52,0.2,0.5,0,0.43,0.52,NUC
365,0.18,0.48,0.46,0.12,0.5,0,0,0.25,NUC
366,0.26,0.38,0.52,0.36,0.5,0,0.48,0.56,NUC
367,0.53,0.51,0.51,0.11,0.5,0,0.49,0.41,NUC
368,0.68,0.58,0.51,0.19,0.5,0.83,0.54,0.22,POX
369,0.72,0.56,0.4,0.26,0.5,0,0.51,0.26,ME2
370,0.32,0.47,0.55,0.25,0.5,0,0.49,0.22,MIT
371,0.53,0.48,0.45,0.44,0.5,0,0.49,0.27,MIT
372,0.7,0.53,0.42,0.22,0.5,0,0.51,0.28,NUC
373,0.68,0.68,0.49,0.15,0.5,0,0.53,0.22,EXC
374,0.55,0.49,0.45,0.18,0.5,0,0.49,0.22,NUC
375,0.57,0.44,0.42,0.2,0.5,0,0.54,0.22,CYT
376,0.4,0.47,0.48,0.18,0.5,0,0.46,0.22,CYT
377,0.34,0.54,0.54,0.13,0.5,0,0.52,0.22,CYT
378,0.43,0.83,0.55,0.2,0.5,0,0.47,0.4,NUC
379,0.55,0.65,0.5,0.28,0.5,0,0.55,0.22,NUC
380,0.46,0.42,0.6,0.21,0.5,0,0.4,0.22,EXC
381,0.8,0.81,0.55,0.35,0.5,0,0.42,0.22,EXC
382,0.79,0.74,0.49,0.33,0.5,0,0.48,0.22,EXC
383,0.66,0.52,0.52,0.44,0.5,0,0.56,0.27,MIT
384,0.5,0.49,0.59,0.47,0.5,0,0.49,0.36,MIT
385,0.6,0.59,0.45,0.23,0.5,0,0.55,0.22,MIT
386,0.66,0.54,0.49,0.16,0.5,0,0.54,0.36,NUC
387,0.46,0.55,0.61,0.13,0.5,0,0.47,0.22,CYT
388,0.42,0.5,0.53,0.22,0.5,0.83,0.5,0.22,POX
389,0.66,0.66,0.32,0.54,0.5,0,0.51,0.22,ME2
390,0.74,0.56,0.35,0.36,0.5,0,0.51,0.25,ME2
391,0.89,0.52,0.41,0.26,0.5,0,0.52,0.31,ME2
392,0.67,0.51,0.54,0.21,0.5,0,0.43,0.3,MIT
393,0.58,0.46,0.46,0.34,0.5,0,0.5,0.43,NUC
394,0.39,0.3,0.56,0.12,0.5,0,0.53,0.38,NUC
395,0.6,0.62,0.54,0.4,0.5,0,0.5,0.22,MIT
396,0.51,0.42,0.56,0.38,0.5,0,0.46,0.22,MIT
397,0.57,0.4,0.62,0.3,0.5,0,0.48,0.11,MIT
398,0.52,0.5,0.59,0.31,0.5,0,0.5,0.22,MIT
399,0.42,0.53,0.53,0.64,0.5,0,0.47,0.22,MIT
400,0.5,0.46,0.64,0.36,0.5,0,0.49,0.22,MIT
401,0.6,0.51,0.6,0.38,0.5,0.83,0.52,0.24,MIT
402,0.45,0.38,0.64,0.14,0.5,0,0.54,0.22,MIT
403,0.6,0.57,0.64,0.52,0.5,0,0.47,0.28,MIT
404,0.41,0.52,0.53,0.41,0.5,0,0.39,0.33,MIT
405,0.45,0.43,0.63,0.4,0.5,0,0.59,0.11,MIT
406,0.58,0.52,0.61,0.33,0.5,0,0.38,0.11,MIT
407,0.57,0.61,0.55,0.27,0.5,0,0.44,0.21,MIT
408,0.57,0.58,0.58,0.35,0.5,0,0.49,0.22,MIT
409,0.64,0.64,0.56,0.21,0.5,0,0.5,0.22,MIT
410,0.6,0.46,0.59,0.16,0.5,0,0.49,0.22,MIT
411,0.36,0.38,0.56,0.44,0.5,0,0.48,0.22,MIT
412,0.53,0.52,0.61,0.35,0.5,0,0.5,0.22,MIT
413,0.55,0.5,0.6,0.31,0.5,0,0.46,0.27,MIT
414,0.58,0.53,0.57,0.46,0.5,0,0.51,0.27,MIT
415,0.65,0.53,0.55,0.52,0.5,0,0.47,0.27,MIT
416,0.38,0.54,0.54,0.41,0.5,0,0.51,0.22,MIT
417,0.58,0.53,0.5,0.53,0.5,0,0.47,0.31,MIT
418,0.61,0.46,0.51,0.37,0.5,0,0.51,0.22,MIT
419,0.55,0.59,0.47,0.64,0.5,0,0.54,0.33,MIT
420,0.54,0.64,0.5,0.13,0.5,0,0.49,0.22,MIT
421,0.4,0.74,0.49,0.16,0.5,0,0.51,0.22,MIT
422,0.76,0.76,0.35,0.27,0.5,0,0.44,0.22,ME1
423,0.51,0.56,0.51,0.42,0.5,0,0.53,0.36,MIT
424,0.43,0.32,0.5,0.29,0.5,0,0.5,0.22,MIT
425,0.49,0.44,0.45,0.55,0.5,0,0.48,0.22,MIT
426,0.51,0.6,0.51,0.26,0.5,0,0.54,0.22,NUC
427,0.49,0.46,0.42,0.46,0.5,0,0.55,0.22,NUC
428,0.51,0.48,0.51,0.43,0.5,0,0.49,0.22,MIT
429,0.53,0.4,0.57,0.12,0.5,0,0.53,0.32,NUC
430,0.51,0.56,0.62,0.24,0.5,0,0.52,0.51,NUC
431,0.63,0.6,0.5,0.27,0.5,0,0.55,0.22,MIT
432,0.58,0.57,0.54,0.69,0.5,0,0.54,0.22,MIT
433,0.63,0.47,0.56,0.12,0.5,0,0.5,0.22,MIT
434,0.55,0.53,0.54,0.4,0.5,0,0.48,0.22,MIT
435,0.41,0.47,0.58,0.62,0.5,0,0.5,0.22,MIT
436,0.44,0.53,0.53,0.37,0.5,0,0.51,0.22,MIT
437,0.57,0.4,0.48,0.24,0.5,0,0.55,0.22,CYT
438,0.47,0.46,0.55,0.28,0.5,0,0.44,0.46,NUC
439,0.39,0.35,0.49,0.17,0.5,0,0.49,0.22,NUC
440,0.58,0.38,0.4,0.21,0.5,0,0.5,0.22,CYT
441,0.53,0.41,0.5,0.24,1,0,0.47,0.22,CYT
442,0.43,0.4,0.5,0.18,0.5,0,0.5,0.28,CYT
443,0.41,0.59,0.46,0.19,0.5,0,0.36,0.22,EXC
444,0.58,0.56,0.52,0.25,0.5,0,0.57,0.35,NUC
445,0.81,0.79,0.32,0.37,0.5,0,0.41,0.22,ME1
446,0.49,0.6,0.55,0.17,0.5,0,0.44,0.22,CYT
447,0.56,0.63,0.52,0.2,0.5,0,0.34,0.26,NUC
448,0.51,0.46,0.54,0.41,0.5,0,0.53,0.22,MIT
449,0.6,0.51,0.52,0.45,0.5,0,0.5,0.27,MIT
450,0.37,0.51,0.57,0.4,0.5,0,0.48,0.27,MIT
451,0.36,0.39,0.55,0.26,0.5,0,0.49,0.22,NUC
452,0.5,0.36,0.53,0.41,0.5,0,0.55,0.36,CYT
453,0.59,0.58,0.39,0.52,0.5,0,0.5,0.31,CYT
454,0.48,0.62,0.52,0.3,0.5,0,0.51,0.37,NUC
455,0.53,0.61,0.51,0.49,0.5,0,0.54,0.27,MIT
456,0.36,0.44,0.51,0.17,0.5,0,0.6,0.19,NUC
457,0.39,0.34,0.68,0.3,0.5,0,0.5,0.29,NUC
458,0.11,0.41,0.67,0.13,0.5,0,0.45,0.29,NUC
459,0.4,0.53,0.44,0.18,0.5,0,0.54,0.31,NUC
460,0.47,0.5,0.55,0.19,0.5,0,0.62,0.22,CYT
461,0.36,0.3,0.5,0.19,0.5,0,0.55,0.3,NUC
462,0.35,0.44,0.54,0.26,0.5,0,0.52,0.26,NUC
463,0.43,0.28,0.53,0.34,0.5,0,0.55,0.57,NUC
464,0.33,0.48,0.55,0.16,0.5,0,0.53,0.75,NUC
465,0.45,0.21,0.49,0.24,0.5,0,0.46,0.31,NUC
466,0.44,0.34,0.61,0.13,0.5,0,0.49,0.26,NUC
467,0.3,0.55,0.58,0.16,0.5,0,0.61,0.28,NUC
468,0.75,0.67,0.51,0.29,0.5,0,0.52,0.36,MIT
469,0.47,0.47,0.5,0.15,0.5,0,0.5,0.48,NUC
470,0.45,0.41,0.58,0.48,0.5,0,0.53,0.64,NUC
471,0.9,0.54,0.59,0.2,0.5,0,0.48,0.22,NUC
472,0.88,0.59,0.54,0.39,0.5,0,0.41,0.3,NUC
473,0.7,0.51,0.47,0.24,0.5,0,0.53,0.25,NUC
474,0.69,0.62,0.49,0,1,0,0.47,0.22,NUC
475,0.52,0.64,0.34,0.16,0.5,0,0.57,0.22,MIT
476,0.75,0.66,0.64,0.39,0.5,0,0.46,0.32,MIT
477,0.58,0.51,0.56,0.16,0.5,0,0.34,0.22,NUC
478,0.48,0.49,0.45,0.23,0.5,0,0.51,0.22,ME3
479,0.39,0.42,0.49,0.1,0.5,0,0.49,0.65,NUC
480,0.31,0.42,0.48,0.17,0.5,0,0.49,0.53,NUC
481,0.76,0.67,0.37,0.22,0.5,0,0.54,0.22,ME2
482,0.49,0.27,0.57,0.18,0.5,0.83,0.54,0.22,POX
483,0.28,0.48,0.56,0.16,0.5,0,0.48,0.26,CYT
484,0.69,0.39,0.52,0.12,0.5,0,0.38,0.35,CYT
485,0.64,0.52,0.5,0.26,0.5,0,0.51,0.31,NUC
486,0.56,0.48,0.5,0.3,0.5,0,0.51,0.22,CYT
487,0.5,0.5,0.54,0.16,0.5,0,0.49,0.22,POX
488,0.5,0.51,0.57,0.27,0.5,0,0.48,0.22,POX
489,0.53,0.51,0.36,0.13,0.5,0,0.52,0.22,ME3
490,0.6,0.54,0.54,0.53,0.5,0,0.52,0.27,MIT
491,0.49,0.52,0.53,0.7,0.5,0,0.51,0.22,MIT
492,0.49,0.45,0.53,0.16,0.5,0,0.49,0.31,CYT
493,0.49,0.45,0.46,0.18,0.5,0,0.49,0.31,CYT
494,0.52,0.46,0.51,0.18,0.5,0,0.5,0.22,CYT
495,0.39,0.58,0.5,0.1,0.5,0,0.51,0.25,CYT
496,0.7,0.84,0.49,0.28,1,0,0.58,0.22,ERL
497,0.61,0.46,0.44,0.47,0.5,0,0.5,0.37,NUC
498,0.45,0.58,0.59,0.44,0.5,0,0.56,0.22,MIT
499,0.74,0.89,0.32,0.24,0.5,0,0.54,0.32,ME1
500,0.28,0.46,0.26,0.18,0.5,0,0.39,0.22,VAC
501,0.51,0.46,0.49,0.21,0.5,0,0.55,0.22,VAC
502,0.8,0.82,0.57,0.26,0.5,0,0.57,0.27,VAC
503,0.67,0.46,0.58,0.3,0.5,0,0.57,0.27,NUC
504,0.5,0.32,0.49,0.49,0.5,0,0.48,0.32,MIT
505,0.75,0.6,0.43,0.35,0.5,0,0.45,0.27,MIT
506,0.56,0.68,0.52,0.39,0.5,0,0.36,0.22,MIT
507,0.26,0.28,0.6,0.2,0.5,0,0.54,0.31,MIT
508,0.59,0.45,0.58,0.21,0.5,0,0.49,0.22,MIT
509,0.5,0.57,0.62,0.25,0.5,0,0.51,0.22,MIT
510,0.57,0.49,0.5,0.2,0.5,0,0.51,0.28,CYT
511,0.62,0.43,0.49,0.29,0.5,0,0.5,0.27,CYT
512,0.45,0.41,0.49,0.14,1,0,0.53,0.3,CYT
513,0.41,0.48,0.54,0.24,0.5,0,0.37,0.51,NUC
514,0.46,0.46,0.53,0.23,0.5,0,0.51,0.22,CYT
515,0.48,0.42,0.48,0.19,0.5,0,0.58,0.22,CYT
516,0.43,0.45,0.53,0.19,0.5,0,0.56,0.22,CYT
517,0.28,0.36,0.55,0.15,0.5,0,0.57,0.22,CYT
518,0.48,0.46,0.58,0.26,0.5,0,0.44,0.22,NUC
519,0.74,0.72,0.5,0.28,0.5,0,0.49,0.27,EXC
520,0.77,0.72,0.48,0.26,0.5,0,0.51,0.22,EXC
521,0.74,0.74,0.51,0.27,0.5,0,0.5,0.22,EXC
522,0.39,0.81,0.35,0.28,0.5,0,0.51,0.45,ME3
523,0.53,0.54,0.43,0.18,0.5,0,0.53,0.31,NUC
524,0.38,0.45,0.37,0.19,0.5,0,0.52,0.3,ME3
525,0.4,0.37,0.54,0.13,0.5,0,0.48,0.22,NUC
526,0.31,0.3,0.34,0.19,0.5,0,0.55,0.3,ME3
527,0.5,0.42,0.57,0.49,0.5,0,0.48,0.27,NUC
528,0.59,0.61,0.51,0.62,0.5,0,0.51,0.38,MIT
529,0.47,0.54,0.53,0.77,0.5,0,0.52,0.36,MIT
530,0.77,0.78,0.51,0.28,0.5,0,0.33,0.22,EXC
531,0.74,0.71,0.52,0.3,0.5,0,0.27,0.22,EXC
532,0.77,0.73,0.51,0.27,0.5,0,0.34,0.22,EXC
533,0.49,0.6,0.3,0.34,0.5,0,0.5,0.43,ME3
534,0.27,0.56,0.3,0.14,0.5,0,0.52,0.39,ME3
535,0.4,0.39,0.33,0.17,0.5,0,0.51,0.31,VAC
536,0.55,0.51,0.54,0.2,0.5,0,0.56,0.22,CYT
537,0.95,0.71,0.27,0.39,0.5,0,0.31,0.22,ME2
538,0.39,0.49,0.3,0.19,0.5,0,0.52,0.31,ME3
539,0.38,0.48,0.51,0.13,0.5,0,0.5,0.32,NUC
540,0.37,0.51,0.39,0.18,0.5,0,0.51,0.27,ME3
541,0.27,0.49,0.36,0.26,0.5,0,0.49,0.26,ME3
542,0.49,0.48,0.52,0.2,0.5,0,0.55,0.22,NUC
543,0.54,0.53,0.48,0.14,0.5,0,0.49,0.33,NUC
544,0.37,0.48,0.5,0.26,0.5,0,0.52,0.39,NUC
545,0.46,0.37,0.48,0.36,0.5,0,0.48,0.22,POX
546,0.51,0.48,0.46,0.29,0.5,0,0.54,0.22,CYT
547,0.75,0.69,0.48,0.13,0.5,0,0.57,0.4,VAC
548,0.69,0.7,0.5,0.3,0.5,0,0.54,0.22,VAC
549,0.63,0.55,0.53,0.51,0.5,0,0.55,0.22,VAC
550,0.55,0.63,0.54,0.16,0.5,0,0.45,0.27,CYT
551,0.46,0.62,0.54,0.25,0.5,0,0.46,0.22,CYT
552,0.53,0.59,0.48,0.14,0.5,0,0.51,0.22,CYT
553,0.42,0.53,0.57,0.17,0.5,0,0.49,0.22,CYT
554,0.52,0.46,0.56,0.2,0.5,0,0.5,0.22,CYT
555,0.53,0.43,0.57,0.24,0.5,0,0.39,0.28,CYT
556,0.33,0.35,0.56,0.19,0.5,0,0.5,0.22,NUC
557,0.45,0.48,0.56,0.56,0.5,0,0.47,0.22,NUC
558,0.77,0.57,0.45,0.17,0.5,0,0.53,0.22,CYT
559,0.56,0.59,0.54,0.18,0.5,0,0.48,0.46,NUC
560,0.33,0.39,0.52,0.09,0.5,0,0.47,0.28,NUC
561,0.38,0.26,0.6,0.1,0.5,0,0.48,0.44,NUC
562,0.68,0.39,0.5,0.15,0.5,0,0.48,0.37,NUC
563,0.52,0.37,0.48,0.13,0.5,0,0.55,0.22,NUC
564,0.32,0.48,0.49,0.17,0.5,0,0.47,0.22,NUC
565,0.33,0.21,0.53,0.15,1,0,0.52,0.5,NUC
566,0.49,0.45,0.57,0.24,0.5,0,0.47,0.38,NUC
567,0.4,0.28,0.48,0.06,0.5,0,0.49,0.42,NUC
568,0.45,0.45,0.52,0.17,0.5,0,0.54,0.22,CYT
569,0.28,0.51,0.55,0.19,0.5,0,0.57,0.22,CYT
570,0.51,0.46,0.4,0.65,0.5,0,0.49,0.22,MIT
571,0.81,0.55,0.35,0.34,0.5,0,0.51,0.22,ME2
572,0.53,0.45,0.53,0.18,0.5,0,0.42,0.22,CYT
573,0.36,0.33,0.38,0.15,0.5,0,0.55,0.36,ME3
574,0.48,0.5,0.56,0.11,0.5,0,0.33,0.22,CYT
575,0.48,0.48,0.56,0.18,0.5,0,0.58,0.22,CYT
576,0.6,0.59,0.47,0.47,0.5,0,0.53,0.22,MIT
577,0.45,0.53,0.51,0.42,0.5,0,0.52,0.22,MIT
578,0.58,0.53,0.33,0.26,0.5,0,0.51,0.22,ME3
579,0.46,0.43,0.5,0.24,0.5,0,0.48,0.31,CYT
580,0.43,0.46,0.5,0.21,0.5,0,0.49,0.34,CYT
581,0.61,0.55,0.51,0.26,0.5,0,0.52,0.22,CYT
582,0.5,0.62,0.52,0.3,0.5,0,0.56,0.22,MIT
583,0.49,0.45,0.54,0.4,0.5,0,0.55,0.22,MIT
584,0.57,0.6,0.54,0.17,0.5,0,0.52,0.22,MIT
585,0.38,0.31,0.59,0.19,0.5,0,0.46,0.22,MIT
586,0.24,0.41,0.47,0.16,0.5,0,0.51,0.38,NUC
587,0.39,0.16,0.59,0.08,0.5,0,0.51,0.27,NUC
588,0.33,0.28,0.5,0.4,0.5,0,0.46,0.61,NUC
589,0.51,0.55,0.56,0.18,0.5,0,0.5,0.38,NUC
590,0.43,0.48,0.53,0.18,0.5,0,0.46,0.22,NUC
591,0.47,0.43,0.48,0.16,0.5,0,0.46,0.27,NUC
592,0.52,0.5,0.51,0.2,0.5,0,0.51,0.22,NUC
593,0.33,0.28,0.52,0.15,0.5,0,0.51,0.86,NUC
594,0.36,0.48,0.5,0.13,0.5,0,0.49,0.6,NUC
595,0.45,0.54,0.49,0.29,0.5,0,0.49,0.25,NUC
596,0.55,0.59,0.53,0.15,0.5,0,0.49,0.22,NUC
597,0.31,0.39,0.55,0.28,0.5,0,0.46,0.31,NUC
598,0.43,0.41,0.51,0.34,0.5,0,0.49,0.28,NUC
599,0.41,0.52,0.56,0.26,0.5,0,0.48,0.32,NUC
600,0.49,0.49,0.51,0.29,0.5,0,0.52,0.71,NUC
601,0.59,0.47,0.51,0.53,0.5,0,0.53,0.26,CYT
602,0.4,0.6,0.5,0.16,0.5,0,0.51,0.22,CYT
603,0.54,0.53,0.53,0.17,0.5,0,0.51,0.39,NUC
604,0.61,0.46,0.54,0.11,0.5,0,0.47,0.22,CYT
605,0.66,0.55,0.54,0.18,0.5,0,0.43,0.22,CYT
606,0.53,0.46,0.54,0.37,0.5,0,0.51,0.3,NUC
607,0.58,0.31,0.6,0.12,0.5,0,0.47,0.33,NUC
608,0.49,0.67,0.5,0.28,0.5,0,0.43,0.22,NUC
609,0.44,0.33,0.55,0.16,0.5,0,0.49,0.22,NUC
610,0.44,0.45,0.53,0.19,0.5,0,0.41,0.28,NUC
611,0.57,0.55,0.52,0.16,0.5,0,0.49,0.39,NUC
612,0.45,0.66,0.39,0.11,0.5,0,0.54,0.22,ME3
613,0.32,0.49,0.53,0.28,0.5,0,0.5,0.5,NUC
614,0.35,0.42,0.56,0.28,0.5,0,0.47,0.22,NUC
615,0.46,0.41,0.58,0.1,0.5,0,0.48,0.22,NUC
616,0.57,0.51,0.58,0.22,0.5,0,0.51,0.22,NUC
617,0.47,0.47,0.54,0.19,0.5,0,0.51,0.33,NUC
618,0.55,0.45,0.58,0.25,0.5,0,0.49,0.22,NUC
619,0.4,0.66,0.34,0.21,0.5,0,0.52,0.26,NUC
620,0.6,0.48,0.46,0.32,0.5,0,0.4,0.33,CYT
621,0.64,0.44,0.51,0.35,0.5,0,0.53,0.22,CYT
622,0.35,0.4,0.44,0.25,0.5,0,0.53,0.57,NUC
623,0.55,0.38,0.64,0.42,0.5,0,0.47,0.22,MIT
624,0.45,0.43,0.5,0.25,0.5,0,0.47,0.22,MIT
625,0.47,0.53,0.48,0.51,0.5,0,0.54,0.22,MIT
626,0.45,0.49,0.57,0.25,0.5,0,0.48,0.22,NUC
627,0.45,0.52,0.5,0.12,0.5,0,0.6,0.22,CYT
628,0.47,0.45,0.51,0.33,0.5,0,0.46,0.26,NUC
629,0.5,0.36,0.64,0.37,0.5,0,0.37,0.33,NUC
630,0.39,0.39,0.59,0.25,0.5,0,0.45,0.22,CYT
631,0.45,0.5,0.57,0.29,0.5,0,0.44,0.11,CYT
632,0.45,0.5,0.57,0.29,0.5,0,0.44,0.11,CYT
633,0.61,0.38,0.57,0.36,0.5,0,0.44,0.21,CYT
634,0.43,0.33,0.54,0.37,0.5,0,0.38,0.16,CYT
635,0.72,0.51,0.52,0.08,0.5,0,0.54,0.22,NUC
636,0.35,0.41,0.53,0.27,0.5,0,0.47,0.29,NUC
637,0.57,0.49,0.61,0.26,0.5,0,0.52,0.22,NUC
638,0.34,0.48,0.47,0.19,0.5,0,0.5,0.3,NUC
639,0.54,0.57,0.55,0.18,0.5,0,0.5,0.22,NUC
640,0.38,0.44,0.55,0.44,0.5,0,0.47,0.51,NUC
641,0.4,0.3,0.57,0.13,0.5,0,0.46,0.22,NUC
642,0.27,0.31,0.55,0.13,0.5,0,0.5,0.22,NUC
643,0.52,0.46,0.56,0.25,0.5,0,0.52,0.22,NUC
644,0.34,0.47,0.48,0.32,0.5,0,0.42,0.22,NUC
645,0.5,0.56,0.63,0.25,0.5,0,0.42,0.22,NUC
646,0.46,0.53,0.47,0.37,0.5,0,0.51,0.36,NUC
647,0.31,0.6,0.65,0.18,0.5,0,0.46,0.22,NUC
648,0.37,0.45,0.53,0.14,0.5,0,0.49,0.22,NUC
649,0.38,0.38,0.54,0.24,0.5,0,0.54,0.22,NUC
650,0.29,0.4,0.5,0.16,0.5,0,0.51,0.34,NUC
651,0.37,0.3,0.51,0.15,0.5,0,0.58,0.26,NUC
652,0.35,0.33,0.48,0.42,0.5,0,0.47,0.43,CYT
653,0.46,0.35,0.69,0.18,0.5,0,0.3,0.25,CYT
654,0.57,0.43,0.52,0.3,0.5,0,0.37,0.11,CYT
655,0.57,0.43,0.52,0.3,0.5,0,0.37,0.11,CYT
656,0.59,0.51,0.48,0.12,0.5,0,0.54,0.31,CYT
657,0.61,0.53,0.59,0.17,0.5,0,0.44,0.28,CYT
658,0.61,0.48,0.56,0.19,0.5,0,0.53,0.31,CYT
659,0.61,0.48,0.56,0.19,0.5,0,0.53,0.31,CYT
660,0.44,0.56,0.52,0.18,0.5,0,0.5,0.11,CYT
661,0.37,0.44,0.64,0.48,0.5,0,0.36,0.27,CYT
662,0.72,0.37,0.63,0.38,0.5,0,0.4,0.14,CYT
663,0.44,0.36,0.64,0.45,0.5,0,0.53,0.11,CYT
664,0.58,0.45,0.55,0.27,0.5,0,0.48,0.11,CYT
665,0.63,0.64,0.45,0.26,0.5,0,0.43,0.22,CYT
666,0.63,0.64,0.45,0.26,0.5,0,0.43,0.22,CYT
667,0.43,0.33,0.67,0.12,0.5,0,0.45,0.23,CYT
668,0.58,0.44,0.5,0.26,0.5,0,0.52,0.22,CYT
669,0.38,0.43,0.53,0.22,0.5,0,0.48,0.11,CYT
670,0.4,0.45,0.61,0.29,0.5,0,0.44,0.22,CYT
671,0.34,0.34,0.65,0.4,0.5,0,0.32,0.16,CYT
672,0.43,0.22,0.79,0.79,0.5,0,0.22,0,CYT
673,0.35,0.21,1,0.8,0.5,0,0.13,0.01,CYT
674,0.48,0.46,0.58,0.16,0.5,0,0.45,0.22,CYT
675,0.48,0.55,0.48,0.1,0.5,0,0.55,0.22,CYT
676,0.66,0.6,0.52,0.19,0.5,0,0.69,0.22,CYT
677,0.69,0.54,0.55,0.23,0.5,0,0.73,0.22,CYT
678,0.73,0.6,0.47,0.2,0.5,0,0.72,0.22,CYT
679,0.78,0.82,0.56,0.21,0.5,0,0.69,0.22,CYT
680,0.42,0.49,0.49,0.36,0.5,0,0.57,0.26,MIT
681,0.56,0.61,0.52,0.19,0.5,0,0.52,0.32,NUC
682,0.47,0.56,0.46,0.5,0.5,0,0.51,0.22,MIT
683,0.46,0.33,0.45,0.22,0.5,0,0.41,0.37,CYT
684,0.52,0.43,0.61,0.22,0.5,0,0.45,0.22,CYT
685,0.48,0.41,0.52,0.33,0.5,0,0.51,0.26,CYT
686,0.46,0.39,0.54,0.22,0.5,0,0.48,0.25,CYT
687,0.46,0.39,0.54,0.22,0.5,0,0.48,0.25,CYT
688,0.42,0.5,0.64,0.13,0.5,0,0.49,0.22,CYT
689,0.46,0.54,0.59,0.41,0.5,0,0.53,0.21,CYT
690,0.46,0.54,0.59,0.41,0.5,0,0.53,0.21,CYT
691,0.39,0.65,0.57,0.19,0.5,0,0.44,0.25,CYT
692,0.39,0.65,0.57,0.19,0.5,0,0.43,0.25,CYT
693,0.51,0.52,0.58,0.17,0.5,0,0.47,0.28,CYT
694,0.5,0.5,0.62,0.23,0.5,0,0.35,0.11,CYT
695,0.41,0.49,0.65,0.28,0.5,0,0.59,0.57,CYT
696,0.53,0.57,0.6,0.36,0.5,0,0.5,0.22,CYT
697,0.53,0.57,0.6,0.36,0.5,0,0.5,0.22,CYT
698,0.37,0.3,0.62,0.43,0.5,0,0.44,0.39,CYT
699,0.37,0.3,0.62,0.43,0.5,0,0.44,0.39,CYT
700,0.6,0.57,0.52,0.14,0.5,0,0.46,0.48,NUC
701,0.42,0.38,0.52,0.29,0.5,0,0.42,0.22,NUC
702,0.41,0.46,0.58,0.08,0.5,0,0.51,0.28,NUC
703,0.49,0.4,0.58,0.23,0.5,0,0.47,0.27,CYT
704,0.37,0.37,0.51,0.38,0.5,0,0.44,0.22,CYT
705,0.57,0.5,0.4,0.08,0.5,0,0.47,0.22,ME3
706,0.51,0.4,0.5,0.28,0.5,0,0.48,0.27,CYT
707,0.34,0.25,0.55,0.28,0.5,0,0.51,0.49,CYT
708,0.77,0.86,0.44,0.27,0.5,0,0.48,0.22,ME1
709,0.59,0.54,0.53,0.14,0.5,0,0.48,0.22,CYT
710,0.5,0.48,0.48,0.23,0.5,0,0.53,0.68,CYT
711,0.39,1,0.38,0.41,0.5,0,0.5,0.27,MIT
712,0.56,0.42,0.52,0.14,0.5,0,0.51,0.22,CYT
713,0.39,0.46,0.33,0.18,0.5,0,0.53,0.22,ME3
714,0.52,0.54,0.47,0.49,0.5,0,0.54,0.22,MIT
715,0.46,0.49,0.55,0.18,0.5,0,0.56,0.22,NUC
716,0.47,0.58,0.47,0.52,0.5,0,0.54,0.22,MIT
717,0.46,0.42,0.51,0.16,0.5,0,0.56,0.22,CYT
718,0.6,0.51,0.49,0.18,0.5,0,0.53,0.38,CYT
719,0.55,0.55,0.52,0.13,0.5,0,0.53,0.25,CYT
720,0.58,0.56,0.46,0.14,0.5,0,0.51,0.22,CYT
721,0.46,0.47,0.44,0.18,1,0,0.46,0.22,ME2
722,0.56,0.49,0.32,0.22,0.5,0,0.5,0.22,ME2
723,0.41,0.49,0.47,0.09,0.5,0,0.49,0.22,CYT
724,0.44,0.51,0.53,0.3,0.5,0,0.53,0.22,CYT
725,0.54,0.51,0.56,0.15,0.5,0,0.54,0.31,CYT
726,0.51,0.51,0.32,0.27,0.5,0,0.54,0.22,ME3
727,0.46,0.38,0.51,0.2,0.5,0,0.51,0.22,CYT
728,0.54,0.44,0.35,0.19,0.5,0,0.51,0.27,ME3
729,0.65,0.66,0.37,0.12,0.5,0,0.52,0.27,ME3
730,0.41,0.4,0.56,0.17,0.5,0,0.56,0.22,CYT
731,0.37,0.42,0.46,0.15,0.5,0,0.51,0.31,ME2
732,0.59,0.55,0.57,0.18,0.5,0,0.51,0.22,CYT
733,0.48,0.51,0.5,0.24,0.5,0,0.54,0.38,CYT
734,0.39,0.3,0.63,0.2,0.5,0,0.43,0.47,CYT
735,0.52,0.55,0.39,0.09,1,0,0.55,0.25,ME3
736,0.42,0.28,0.33,0.23,0.5,0,0.39,0.26,ME3
737,0.47,0.37,0.46,0.28,0.5,0,0.52,0.99,NUC
738,0.48,0.5,0.47,0.29,0.5,0,0.46,0.27,NUC
739,0.49,0.49,0.52,0.18,0.5,0,0.51,0.25,NUC
740,0.54,0.59,0.57,0.34,0.5,0,0.49,0.22,NUC
741,0.7,0.78,0.53,0.24,0.5,0,0.48,0.22,VAC
742,0.85,0.69,0.34,0.31,0.5,0,0.57,0.3,ME1
743,0.56,0.59,0.45,0.15,0.5,0,0.54,0.22,MIT
744,0.53,0.49,0.47,0.21,0.5,0,0.53,0.22,CYT
745,0.7,0.57,0.34,0.19,0.5,0,0.53,0.27,ME2
746,0.47,0.44,0.53,0.18,0.5,0,0.47,0.29,NUC
747,0.45,0.65,0.51,0.17,0.5,0,0.49,0.22,NUC
748,0.45,0.41,0.53,0.49,0.5,0,0.49,0.31,NUC
749,0.42,0.28,0.49,0.22,0.5,0,0.55,0.34,NUC
750,0.47,0.5,0.47,0.22,0.5,0,0.53,0.45,NUC
751,0.33,0.42,0.55,0.23,0.5,0,0.52,0.43,NUC
752,0.37,0.47,0.49,0.12,0.5,0,0.47,0.31,NUC
753,0.32,0.6,0.48,0.13,0.5,0,0.53,0.22,NUC
754,0.37,0.55,0.52,0.13,0.5,0,0.42,0.8,CYT
755,0.46,0.48,0.38,0.22,0.5,0,0.39,0.45,ME3
756,0.8,0.69,0.53,0.33,0.5,0,0.51,0.22,ME2
757,0.52,0.65,0.36,0.37,0.5,0,0.52,0.34,ME3
758,0.19,0.16,0.68,0.36,0.5,0,0.49,0.21,NUC
759,0.47,0.56,0.51,0.2,0.5,0,0.52,0.59,NUC
760,0.57,0.51,0.34,0.13,0.5,0,0.53,0.27,MIT
761,0.23,0.37,0.32,0.13,0.5,0,0.53,0.22,MIT
762,0.54,0.5,0.51,0.26,0.5,0,0.52,0.22,CYT
763,0.27,0.41,0.24,0.2,0.5,0,0.49,0.22,ME3
764,0.39,0.45,0.51,0.29,0.5,0,0.54,0.22,CYT
765,0.33,0.47,0.55,0.24,0.5,0,0.45,0.67,NUC
766,0.37,0.4,0.38,0.18,0.5,0,0.51,0.22,ME3
767,0.66,0.43,0.57,0.6,0.5,0,0.19,0.33,NUC
768,0.55,0.4,0.62,0.22,0.5,0,0.37,0.28,NUC
769,0.33,0.46,0.6,0.18,0.5,0,0.51,0.26,NUC
770,0.51,0.5,0.54,0.11,0.5,0,0.6,0.22,NUC
771,0.55,0.57,0.51,0.07,0.5,0,0.55,0.22,CYT
772,0.36,0.32,0.55,0.27,0.5,0,0.47,0.43,NUC
773,0.46,0.41,0.45,0.23,0.5,0,0.48,0.22,NUC
774,0.4,0.39,0.6,0.23,0.5,0,0.52,0.31,NUC
775,0.52,0.47,0.58,0.18,0.5,0,0.34,0.11,CYT
776,0.52,0.47,0.58,0.18,0.5,0,0.34,0.11,CYT
777,0.5,0.45,0.51,0.19,0.5,0,0.53,0.25,CYT
778,0.57,0.55,0.51,0.18,0.5,0,0.51,0.43,NUC
779,0.44,0.43,0.46,0.28,0.5,0,0.45,0.29,NUC
780,0.66,0.65,0.54,0.4,0.5,0,0.51,0.22,EXC
781,0.77,0.73,0.49,0.46,0.5,0,0.38,0.22,EXC
782,0.38,0.58,0.46,0.21,0.5,0,0.52,0.22,NUC
783,0.32,0.68,0.51,0.16,0.5,0.83,0.55,0.22,POX
784,0.27,0.46,0.52,0.17,0.5,0,0.49,0.44,NUC
785,0.52,0.45,0.45,0.13,0.5,0,0.48,0.22,NUC
786,0.37,0.29,0.45,0.15,0.5,0,0.49,0.22,NUC
787,0.44,0.59,0.54,0.18,0.5,0,0.49,0.22,NUC
788,0.48,0.65,0.36,0.24,0.5,0,0.54,0.31,NUC
789,0.73,0.52,0.59,0.25,0.5,0,0.51,0.22,NUC
790,0.5,0.43,0.5,0.17,0.5,0,0.46,0.47,NUC
791,0.23,0.13,0.51,0.16,0.5,0,0.53,0.51,NUC
792,0.49,0.6,0.54,0.35,0.5,0,0.53,0.46,NUC
793,0.52,0.31,0.56,0.16,0.5,0,0.55,0.22,NUC
794,0.49,0.6,0.42,0.18,0.5,0,0.58,0.28,NUC
795,0.53,0.25,0.59,0.27,0.5,0,0.45,0.26,NUC
796,0.31,0.5,0.54,0.32,0.5,0,0.53,0.31,NUC
797,0.25,0.33,0.48,0.18,0.5,0,0.42,0.33,NUC
798,0.55,0.46,0.47,0.15,0.5,0,0.47,0.22,ME3
799,0.5,0.52,0.51,0.22,0.5,0,0.46,0.37,CYT
800,0.62,0.33,0.49,0.24,0.5,0,0.51,0.42,CYT
801,0.56,0.52,0.46,0.17,0.5,0,0.49,0.73,CYT
802,0.52,0.56,0.55,0.16,0.5,0,0.53,0.39,CYT
803,0.53,0.48,0.51,0.18,0.5,0,0.52,0.27,CYT
804,0.51,0.48,0.51,0.19,0.5,0,0.51,0.27,CYT
805,0.53,0.48,0.51,0.18,0.5,0,0.51,0.27,CYT
806,0.6,0.46,0.51,0.1,0.5,0,0.48,0.31,CYT
807,0.6,0.46,0.51,0.1,0.5,0,0.48,0.31,CYT
808,0.44,0.39,0.63,0.11,0.5,0,0.49,0.26,NUC
809,0.38,0.42,0.47,0.12,0.5,0,0.47,0.53,NUC
810,0.41,0.42,0.23,0.16,0.5,0,0.4,0.22,ME3
811,0.25,0.42,0.21,0.14,0.5,0,0.41,0.22,ME3
812,0.7,0.58,0.53,0.39,0.5,0,0.59,0.22,EXC
813,0.38,0.51,0.56,0.21,0.5,0,0.48,0.31,NUC
814,0.4,0.65,0.38,0.17,0.5,0,0.57,0.22,ME3
815,0.36,0.37,0.63,0.25,0.5,0,0.3,0.22,CYT
816,0.49,0.55,0.41,0.19,0.5,0,0.48,0.31,ME3
817,0.3,0.45,0.55,0.19,0.5,0,0.53,0.4,CYT
818,0.45,0.57,0.52,0.21,0.5,0,0.54,0.38,NUC
819,0.46,0.61,0.38,0.35,0.5,0,0.49,0.22,ME3
820,0.28,0.18,0.72,0.26,0.5,0,0.49,0.25,MIT
821,0.66,0.65,0.53,0.17,0.5,0,0.47,0.66,NUC
822,0.36,0.5,0.39,0.23,0.5,0,0.5,0.22,ME3
823,0.58,0.43,0.32,0.11,0.5,0,0.49,0.22,VAC
824,0.58,0.64,0.42,0.3,0.5,0,0.54,0.22,NUC
825,0.74,0.82,0.46,0.24,0.5,0,0.48,0.22,EXC
826,0.75,0.76,0.58,0.22,0.5,0,0.49,0.22,EXC
827,0.39,0.39,0.65,0.16,0.5,0,0.45,0.22,CYT
828,0.41,0.35,0.6,0.22,0.5,0,0.56,0.79,CYT
829,0.43,0.28,0.41,0.32,0.5,0,0.52,0.22,ME3
830,0.23,0.29,0.46,0,0.5,0,0.43,0.31,CYT
831,0.25,0.48,0.45,0.32,0.5,0,0.4,0.22,CYT
832,0.61,0.54,0.54,0.38,0.5,0,0.54,0.29,MIT
833,0.48,0.17,0.37,0.33,0.5,0,0.44,0.36,NUC
834,0.47,0.47,0.5,0.19,0.5,0,0.51,0.26,NUC
835,0.55,0.38,0.52,0.16,0.5,0,0.49,0.64,NUC
836,0.41,0.39,0.61,0.17,0.5,0,0.5,0.61,NUC
837,0.41,0.56,0.53,0.16,0.5,0,0.55,0.26,NUC
838,0.78,0.73,0.27,0.28,0.5,0,0.56,0.22,ME1
839,0.31,0.51,0.38,0.18,0.5,0,0.46,0.31,ME3
840,0.31,0.4,0.31,0.17,0.5,0,0.52,0.22,ME3
841,0.44,0.65,0.49,0.16,0.5,0,0.48,0.31,NUC
842,0.48,0.44,0.46,0.37,0.5,0,0.46,0.36,CYT
843,0.5,0.49,0.46,0.22,0.5,0,0.53,0.25,CYT
844,0.62,0.42,0.47,0.16,0.5,0,0.52,0.22,CYT
845,0.5,0.45,0.52,0.18,0.5,0,0.52,0.22,CYT
846,0.39,0.47,0.49,0.2,0.5,0,0.53,0.26,CYT
847,0.59,0.48,0.49,0.42,0.5,0,0.52,0.22,CYT
848,0.57,0.35,0.5,0.43,0.5,0,0.53,0.22,CYT
849,0.61,0.52,0.5,0.44,0.5,0,0.53,0.22,CYT
850,0.49,0.51,0.52,0.13,0.5,0,0.51,0.33,NUC
851,0.45,0.4,0.56,0.15,0.5,0,0.52,0.22,NUC
852,0.63,0.43,0.48,0.11,0.5,0,0.51,0.22,CYT
853,0.52,0.45,0.53,0.34,0.5,0,0.52,0.44,CYT
854,0.55,0.79,0.45,0.25,0.5,0,0.51,0.22,NUC
855,0.58,0.51,0.63,0.2,0.5,0,0.5,0.42,NUC
856,0.63,0.58,0.57,0.1,0.5,0,0.52,0.33,NUC
857,0.54,0.67,0.56,0.15,0.5,0,0.57,0.33,NUC
858,0.47,0.38,0.5,0.15,0.5,0,0.49,0.47,NUC
859,0.38,0.42,0.5,0.19,0.5,0,0.44,0.22,CYT
860,0.38,0.42,0.5,0.19,0.5,0,0.44,0.22,CYT
861,0.28,0.27,0.5,0.14,0.5,0,0.5,0.28,CYT
862,0.41,0.46,0.57,0.25,0.5,0,0.57,0.38,CYT
863,0.44,0.55,0.51,0.16,0.5,0,0.6,0.22,CYT
864,0.4,0.56,0.53,0.15,0.5,0,0.49,0.22,CYT
865,0.79,0.79,0.42,0.26,0.5,0,0.6,0.22,ME1
866,0.58,0.55,0.51,0.13,0.5,0,0.52,0.22,CYT
867,0.55,0.69,0.51,0.12,0.5,0,0.51,0.22,CYT
868,0.57,0.29,0.63,0.22,0.5,0,0.49,0.27,NUC
869,0.52,0.49,0.59,0.21,0.5,0,0.47,0.22,NUC
870,0.45,0.36,0.5,0.19,0.5,0,0.53,0.7,NUC
871,0.49,0.5,0.42,0.43,0.5,0,0.5,0.36,VAC
872,0.25,0.26,0.53,0.17,0.5,0,0.45,0.22,CYT
873,0.49,0.46,0.54,0.18,0.5,0,0.35,0.22,CYT
874,0.42,0.45,0.75,0.21,0.5,0,0.48,0.22,CYT
875,0.63,0.54,0.53,0.27,0.5,0,0.49,0.22,CYT
876,0.54,0.43,0.48,0.27,0.5,0,0.44,0.41,CYT
877,0.4,0.44,0.5,0.13,0.5,0,0.52,0.39,CYT
878,0.55,0.39,0.39,0.47,0.5,0,0.5,0.83,ME3
879,0.59,0.48,0.41,0.53,0.5,0,0.48,0.56,ME3
880,0.53,0.45,0.52,0.29,0.5,0,0.55,0.38,MIT
881,0.62,0.6,0.54,0.22,0.5,0,0.54,0.27,CYT
882,0.33,0.46,0.53,0.12,0.5,0,0.5,0.27,CYT
883,0.57,0.36,0.51,0.25,0.5,0,0.54,0.25,CYT
884,0.45,0.76,0.51,0.25,0.5,0,0.59,0.22,CYT
885,0.48,0.44,0.51,0.24,0.5,0,0.49,0.22,CYT
886,0.59,0.64,0.44,0.26,0.5,0,0.5,0.22,CYT
887,0.79,0.56,0.53,0.19,0.5,0,0.47,0.35,CYT
888,0.5,0.5,0.48,0.34,0.5,0,0.52,0.27,NUC
889,0.79,0.62,0.35,0.35,0.5,0,0.6,0.28,ME2
890,0.52,0.5,0.6,0.2,0.5,0,0.52,0.22,CYT
891,0.53,0.42,0.53,0.19,0.5,0,0.47,0.22,CYT
892,0.61,0.73,0.5,0.58,0.5,0,0.5,0.22,MIT
893,0.36,0.52,0.61,0.33,0.5,0,0.52,0.37,NUC
894,0.66,0.54,0.53,0.17,0.5,0,0.54,0.22,CYT
895,0.56,0.46,0.51,0.25,0.5,0,0.54,0.22,CYT
896,0.5,0.46,0.49,0.27,0.5,0,0.6,0.22,CYT
897,0.5,0.44,0.57,0.28,0.5,0,0.57,0.22,CYT
898,0.46,0.47,0.62,0.3,0.5,0,0.38,0.22,CYT
899,0.59,0.7,0.46,0.19,0.5,0,0.54,0.44,CYT
900,0.19,0.41,0.55,0.13,0.5,0,0.52,0.25,CYT
901,0.27,0.43,0.5,0.13,0.5,0,0.54,0.31,CYT
902,0.42,0.46,0.44,0.17,0.5,0,0.51,0.42,CYT
903,0.49,0.36,0.47,0.28,0.5,0,0.56,0.54,NUC
904,0.42,0.51,0.33,0.16,0.5,0,0.54,0.22,ME3
905,0.34,0.42,0.48,0.19,0.5,0,0.46,0.31,NUC
906,0.6,0.57,0.63,0.22,0.5,0,0.5,0.49,NUC
907,0.53,0.44,0.54,0.52,0.5,0,0.49,0.38,NUC
908,0.48,0.39,0.56,0.23,0.5,0,0.6,0.22,CYT
909,0.56,0.49,0.47,0.13,0.5,0,0.52,0.22,NUC
910,0.47,0.59,0.56,0.09,0.5,0,0.5,0.22,CYT
911,0.4,0.28,0.58,0.44,0.5,0,0.41,0.22,CYT
912,0.5,0.47,0.45,0.14,0.5,0,0.53,0.32,ME3
913,0.55,0.44,0.5,0.09,0.5,0,0.55,0.22,VAC
914,0.51,0.49,0.48,0.55,0.5,0,0.52,0.58,CYT
915,0.36,0.51,0.51,0.17,0.5,0,0.52,0.22,VAC
916,0.44,0.35,0.55,0.14,0.5,0,0.52,0.22,VAC
917,0.73,0.59,0.35,0.15,0.5,0,0.54,0.22,VAC
918,0.6,0.37,0.52,0.15,0.5,0,0.55,0.26,VAC
919,0.48,0.58,0.58,0.12,0.5,0,0.49,0.22,VAC
920,0.65,0.58,0.53,0.21,0.5,0,0.51,0.22,VAC
921,0.48,0.49,0.49,0.26,0.5,0,0.39,0.27,VAC
922,0.57,0.54,0.32,0.15,0.5,0,0.52,0.25,VAC
923,0.4,0.36,0.32,0.16,0.5,0,0.51,0.27,VAC
924,0.5,0.55,0.52,0.16,0.5,0,0.51,0.31,CYT
925,0.65,0.63,0.47,0.22,0.5,0,0.52,0.27,CYT
926,0.41,0.48,0.51,0.2,0.5,0,0.51,0.22,CYT
927,0.25,0.4,0.54,0.16,0.5,0,0.43,0.22,CYT
928,0.63,0.56,0.52,0.21,0.5,0,0.5,0.22,CYT
929,0.56,0.68,0.42,0.36,0.5,0,0.49,0.22,CYT
930,0.57,0.47,0.48,0.17,0.5,0,0.52,0.26,VAC
931,0.46,0.52,0.51,0.13,0.5,0,0.47,0.22,CYT
932,0.5,0.4,0.57,0.17,0.5,0,0.59,0.22,CYT
933,0.78,0.71,0.35,0.25,0.5,0,0.49,0.22,ME1
934,0.64,0.56,0.52,0.17,0.5,0,0.54,0.47,NUC
935,0.69,0.66,0.36,0.09,0.5,0,0.56,0.22,ME1
936,0.4,0.45,0.45,0.15,0.5,0,0.53,0.48,NUC
937,0.49,0.53,0.36,0.15,0.5,0,0.52,0.27,ME3
938,0.39,0.63,0.41,0.27,0.5,0,0.49,0.22,ME3
939,0.45,0.51,0.43,0.22,0.5,0,0.57,0.22,NUC
940,0.88,0.75,0.41,0.36,0.5,0,0.43,0.22,ME2
941,0.49,0.49,0.4,0.2,0.5,0,0.48,0.26,ME3
942,0.57,0.53,0.6,0.28,0.5,0,0.52,0.45,NUC
943,0.5,0.47,0.56,0.31,0.5,0,0.56,0.26,CYT
944,0.71,0.79,0.41,0.38,0.5,0,0.54,0.22,ME1
945,0.33,0.49,0.46,0.22,0.5,0,0.53,0.33,ME3
946,0.47,0.41,0.46,0.18,0.5,0,0.53,0.22,ME3
947,0.45,0.39,0.46,0.29,0.5,0,0.42,0.22,MIT
948,0.59,0.56,0.5,0.48,0.5,0,0.46,0.22,MIT
949,0.32,0.3,0.57,0.38,0.5,0,0.5,0.25,NUC
950,0.26,0.3,0.37,0.15,0.5,0,0.53,0.25,ME3
951,0.28,0.41,0.46,0.18,0.5,0,0.47,0.39,NUC
952,0.24,0.25,0.57,0.28,0.5,0,0.51,0.11,CYT
953,0.46,0.61,0.55,0.29,0.5,0,0.49,0.22,MIT
954,0.54,0.44,0.38,0.22,0.5,0,0.54,0.3,ME3
955,0.22,0.53,0.36,0.22,0.5,0,0.54,0.31,ME3
956,0.25,0.41,0.47,0.14,0.5,0,0.56,0.68,NUC
957,0.43,0.41,0.37,0.18,0.5,0,0.54,0.31,ME3
958,0.4,0.44,0.47,0.25,0.5,0,0.54,0.56,NUC
959,0.46,0.59,0.38,0.12,0.5,0,0.5,0.22,ME3
960,0.8,0.82,0.4,0.31,0.5,0,0.57,0.25,ME1
961,0.29,0.39,0.46,0.36,0.5,0,0.51,0.22,NUC
962,0.57,0.52,0.46,0.2,0.5,0.83,0.52,0.41,POX
963,0.43,0.6,0.4,0.12,0.5,0,0.49,0.29,ME3
964,0.56,0.71,0.47,0.21,0.5,0,0.52,0.22,MIT
965,0.77,0.7,0.37,0.12,0.5,0,0.49,0.26,ME1
966,0.71,0.51,0.49,0.23,0.5,0,0.3,0.32,ME2
967,0.59,0.48,0.49,0.49,0.5,0,0.36,0.32,CYT
968,0.58,0.63,0.52,0.7,0.5,0,0.46,0.22,MIT
969,0.74,0.73,0.32,0.2,0.5,0,0.55,0.22,ME1
970,0.55,0.35,0.36,0.29,0.5,0,0.51,0.22,ME3
971,0.67,0.61,0.39,0.24,0.5,0,0.51,0.22,ME3
972,0.69,0.57,0.39,0.19,0.5,0,0.48,0.39,ME2
973,0.47,0.41,0.53,0.27,0.5,0,0.47,0.25,MIT
974,0.39,0.56,0.34,0.18,0.5,0,0.49,0.22,ME3
975,0.51,0.38,0.42,0.21,0.5,0,0.46,0.34,ME3
976,0.32,0.45,0.39,0.14,0.5,0,0.45,0.22,ME3
977,0.75,0.73,0.35,0.33,0.5,0,0.49,0.28,ME1
978,0.54,0.54,0.56,0.18,0.5,0,0.46,0.29,NUC
979,0.71,0.64,0.42,0.28,0.5,0,0.43,0.22,EXC
980,0.28,0.48,0.36,0.16,0.5,0,0.53,0.22,ME3
981,0.58,0.44,0.45,0.32,0.5,0,0.52,0.37,NUC
982,0.52,0.65,0.36,0.26,0.5,0,0.44,0.22,ME3
983,0.64,0.44,0.56,0.15,0.5,0,0.56,0.22,CYT
984,0.48,0.58,0.47,0.17,0.5,0,0.53,0.74,CYT
985,0.42,0.71,0.45,0.15,0.5,0,0.48,0.22,ME3
986,0.38,0.37,0.36,0.14,0.5,0,0.54,0.22,ME3
987,0.4,0.4,0.44,0.37,0.5,0,0.53,0.25,NUC
988,0.38,0.56,0.38,0.16,0.5,0,0.53,0.22,ME3
989,0.8,0.79,0.43,0.25,0.5,0,0.52,0.22,EXC
990,0.63,0.65,0.42,0.18,0.5,0,0.54,0.27,ME3
991,0.47,0.4,0.63,0.19,0.5,0,0.52,0.32,NUC
992,0.83,0.94,0.32,0.21,0.5,0,0.51,0.22,ME1
993,0.61,0.76,0.3,0.16,0.5,0,0.45,0.41,ME3
994,0.33,0.38,0.47,0.14,0.5,0,0.51,0.47,NUC
995,0.5,0.63,0.45,0.13,0.5,0,0.45,0.32,ME3
996,0.2,0.6,0.5,0.29,0.5,0,0.51,0.22,ME3
997,0.29,0.26,0.43,0.17,0.5,0,0.55,0.3,ME3
998,0.51,0.46,0.41,0.36,0.5,0,0.49,0.22,ME3
999,0.92,0.66,0.52,0.23,0.5,0,0.53,0.22,ME1
1000,0.49,0.56,0.37,0.2,0.5,0,0.53,0.22,ME3
1001,0.86,0.78,0.34,0.15,0.5,0,0.53,0.22,ME2
1002,0.38,0.44,0.57,0.14,0.5,0,0.53,0.52,NUC
1003,0.72,0.73,0.41,0.28,0.5,0,0.44,0.22,ME1
1004,0.8,0.73,0.47,0.19,0.5,0,0.49,0.22,ME1
1005,0.6,0.68,0.3,0.27,0.5,0,0.55,0.22,ME3
1006,0.82,0.63,0.47,0.18,0.5,0,0.5,0.22,POX
1007,0.77,0.68,0.35,0.19,0.5,0,0.53,0.43,ME1
1008,0.51,0.59,0.46,0.13,0.5,0,0.48,0.22,MIT
1009,0.35,0.29,0.46,0.14,0.5,0,0.54,0.66,NUC
1010,0.58,0.67,0.49,0.16,0.5,0,0.47,0.28,MIT
1011,0.85,0.85,0.3,0.31,0.5,0,0.55,0.42,ME1
1012,0.36,0.48,0.61,0.26,0.5,0,0.5,0.16,NUC
1013,0.41,0.25,0.59,0.44,0.5,0,0.6,0.69,NUC
1014,0.3,0.37,0.4,0.45,0.5,0,0.48,0.41,ME3
1015,0.57,0.59,0.49,0.86,0.5,0,0.47,0.22,NUC
1016,0.38,0.4,0.39,0.19,0.5,0,0.46,0.62,NUC
1017,0.77,0.74,0.37,0.29,0.5,0,0.45,0.22,ME1
1018,0.5,0.61,0.44,0.2,0.5,0,0.49,0.22,MIT
1019,0.41,0.45,0.46,0.23,0.5,0,0.5,0.7,CYT
1020,0.46,0.62,0.46,0.54,0.5,0,0.51,0.27,MIT
1021,0.74,0.75,0.45,0.44,0.5,0,0.52,0.22,POX
1022,0.52,0.53,0.58,0.69,0.5,0,0.5,0.22,MIT
1023,0.41,0.47,0.5,0.14,0.5,0,0.53,0.37,NUC
1024,0.25,0.4,0.52,0.15,0.5,0,0.56,0.28,NUC
1025,0.58,0.56,0.38,0.39,0.5,0,0.54,0.57,NUC
1026,0.32,0.29,0.29,0.08,0.5,0,0.52,0.22,ME3
1027,0.38,0.48,0.57,0.3,0.5,0,0.41,0.11,CYT
1028,0.63,0.57,0.5,0.48,0.5,0,0.51,0.22,MIT
1029,0.59,0.67,0.54,0.19,0.5,0,0.48,0.6,NUC
1030,0.6,0.61,0.54,0.11,0.5,0,0.46,0.22,CYT
1031,0.48,0.61,0.57,0.17,0.5,0,0.45,0.22,CYT
1032,0.71,0.5,0.5,0.18,0.5,0,0.46,0.22,CYT
1033,0.61,0.48,0.54,0.25,0.5,0,0.5,0.22,CYT
1034,0.38,0.32,0.64,0.41,0.5,0,0.44,0.11,CYT
1035,0.38,0.4,0.66,0.35,0.5,0,0.43,0.11,CYT
1036,0.81,0.62,0.43,0.17,0.5,0,0.53,0.22,ME2
1037,0.47,0.43,0.61,0.4,0.5,0,0.48,0.47,NUC
1038,0.43,0.4,0.6,0.16,0.5,0,0.53,0.39,NUC
1039,0.65,0.54,0.54,0.13,0.5,0,0.53,0.22,CYT